{"cameraMode":{"drawMode":0,"name":"Shaded","section":"Shading Mode"},"sceneLighting":false,"audioPlay":false,"sceneViewState":{"showFog":true,"showMaterialUpdate":false,"showSkybox":false,"showFlares":true,"showImageEffects":true,"showParticleSystems":true,"showVisualEffectGraphs":true,"m_FxEnabled":true},"in2DMode":false,"pivot":{"x":-2.9738521575927736,"y":-0.024129807949066163,"z":13.867807388305664},"rotation":{"x":-0.22772668302059174,"y":-0.7418824434280396,"z":0.30652332305908205,"w":-0.5512036681175232},"size":5.472195148468018,"orthographic":false}