{"cameraMode":{"drawMode":0,"name":"Shaded","section":"Shading Mode"},"sceneLighting":false,"audioPlay":false,"sceneViewState":{"showFog":true,"showMaterialUpdate":false,"showSkybox":false,"showFlares":true,"showImageEffects":true,"showParticleSystems":true,"showVisualEffectGraphs":true,"m_FxEnabled":true},"in2DMode":false,"pivot":{"x":-10.946063041687012,"y":0.9809730052947998,"z":110.04188537597656},"rotation":{"x":0.19058923423290254,"y":-0.11921529471874237,"z":0.0233380775898695,"w":0.9741837978363037},"size":2.3476245403289797,"orthographic":false}