{"cameraMode":{"drawMode":0,"name":"Shaded","section":"Shading Mode"},"sceneLighting":false,"audioPlay":false,"sceneViewState":{"showFog":true,"showMaterialUpdate":false,"showSkybox":false,"showFlares":true,"showImageEffects":true,"showParticleSystems":true,"showVisualEffectGraphs":true,"m_FxEnabled":true},"in2DMode":false,"pivot":{"x":0.23982775211334229,"y":0.7276861071586609,"z":102.87051391601563},"rotation":{"x":-0.1693977415561676,"y":-0.046421971172094348,"z":0.00800003856420517,"w":-0.9844760298728943},"size":2.3584952354431154,"orthographic":false}