{"cameraMode":{"drawMode":0,"name":"Shaded","section":"Shading Mode"},"sceneLighting":false,"audioPlay":false,"sceneViewState":{"showFog":true,"showMaterialUpdate":false,"showSkybox":false,"showFlares":true,"showImageEffects":true,"showParticleSystems":true,"showVisualEffectGraphs":true,"m_FxEnabled":true},"in2DMode":false,"pivot":{"x":-36.557891845703128,"y":2.793012857437134,"z":110.92697143554688},"rotation":{"x":0.0022515426389873029,"y":-0.9035405516624451,"z":0.4287932217121124,"w":0.00363640277646482},"size":5.1554670333862309,"orthographic":false}