{"cameraMode":{"drawMode":0,"name":"Shaded","section":"Shading Mode"},"sceneLighting":false,"audioPlay":false,"sceneViewState":{"showFog":true,"showMaterialUpdate":false,"showSkybox":false,"showFlares":true,"showImageEffects":true,"showParticleSystems":true,"showVisualEffectGraphs":true,"m_FxEnabled":true},"in2DMode":false,"pivot":{"x":-27.911094665527345,"y":-0.47433048486709597,"z":109.80424499511719},"rotation":{"x":0.298364520072937,"y":-0.021011296659708024,"z":0.006045288871973753,"w":0.9543443918228149},"size":5.144729137420654,"orthographic":false}