{"cameraMode":{"drawMode":0,"name":"Shaded","section":"Shading Mode"},"sceneLighting":false,"audioPlay":false,"sceneViewState":{"showFog":true,"showMaterialUpdate":false,"showSkybox":false,"showFlares":true,"showImageEffects":true,"showParticleSystems":true,"showVisualEffectGraphs":true,"m_FxEnabled":true},"in2DMode":false,"pivot":{"x":16.071422576904298,"y":0.3572946786880493,"z":109.56468963623047},"rotation":{"x":-0.18174110352993012,"y":-0.07634752243757248,"z":0.014128102920949459,"w":-0.9803476333618164},"size":3.3578970432281496,"orthographic":false}