{"cameraMode":{"drawMode":0,"name":"Shaded","section":"Shading Mode"},"sceneLighting":false,"audioPlay":false,"sceneViewState":{"showFog":true,"showMaterialUpdate":false,"showSkybox":false,"showFlares":true,"showImageEffects":true,"showParticleSystems":true,"showVisualEffectGraphs":true,"m_FxEnabled":true},"in2DMode":false,"pivot":{"x":10.02180290222168,"y":1.2312853336334229,"z":109.98062896728516},"rotation":{"x":0.1742546111345291,"y":0.026321424171328546,"z":-0.004637855105102062,"w":0.9843953847885132},"size":2.5926175117492677,"orthographic":false}