{"cameraMode":{"drawMode":0,"name":"Shaded","section":"Shading Mode"},"sceneLighting":false,"audioPlay":false,"sceneViewState":{"showFog":true,"showMaterialUpdate":false,"showSkybox":false,"showFlares":true,"showImageEffects":true,"showParticleSystems":true,"showVisualEffectGraphs":true,"m_FxEnabled":true},"in2DMode":false,"pivot":{"x":-33.573486328125,"y":0.14177080988883973,"z":109.79656982421875},"rotation":{"x":0.3339707553386688,"y":0.011758706532418728,"z":-0.004680180922150612,"w":0.9426421523094177},"size":6.1306915283203129,"orthographic":false}